{
  "type": "minecraft:block",
  "pools": [
    {
      "rolls": 1,
      "entries": [
        {
          "type": "minecraft:alternatives",
          "conditions": [
            {
              "condition": "minecraft:location_check",
              "predicate": {
                "position": {
                  "y": -64
                }
              }
            }
          ],
          "children": [
            {
              "type": "minecraft:item",
              "name": "minecraft:deepslate",
              "conditions": [
                {
                  "condition": "minecraft:random_chance",
                  "chance": 0.05
                }
              ]
            },
            {
              "type": "minecraft:item",
              "name": "minecraft:bedrock"
            }
          ]
        }
      ]
    }
  ]
}